{
    "deflections": {
        "AX": 80.1587301587302,
        "CDD": 2000.0,
        "H1": 0.0,
        "H2": 80.1587301587302,
        "L1": 319.84126984127,
        "L2": 115.079365079365
    },
    "gains": {
        "AX": 1.0228602,
        "CDD": 0.0,
        "H1": 1.0,
        "H2": 1.0107485,
        "L1": 1.0181743,
        "L2": 1.03395
    },
    "settings": [],
    "spectrometer": {}
}